,STKCODE,CLOSE_PRICE,RIM
166,003920,390000,-817930.5555555554
198,042660,23950,-158432.13728120195
646,009540,86800,-131309.60632000433
269,023530,93000,-103319.85271179306
724,329180,130500,-91720.11039918887
1857,078650,2120,-91343.55714960636
1,006840,20250,-84043.39485509825
644,015760,22600,-82793.65139616682
239,084670,17700,-82629.70076002333
6,079160,26550,-68622.30450815482
521,008500,22550,-62116.666666666664
515,000230,47000,-61428.54667082597
540,089590,21100,-54718.61267241574
1844,229000,13500,-52863.33402506487
38,002380,345000,-51516.51313552928
1274,052190,3005,-49912.8733126765
180,145210,5510,-48776.53086211039
432,020560,19200,-48712.19018541208
1164,299910,3165,-47796.27328950363
715,010620,78900,-39981.3239893527
514,249420,49100,-37198.798580099414
1888,311690,34500,-32782.91423641257
1484,069510,8130,-31931.255728689273
1570,066970,217900,-31476.261811425986
1951,069110,2630,-30842.09040185191
630,039130,71700,-30825.496379351436
2090,241820,27800,-30218.058756180842
706,143210,4800,-29101.321906679277
1501,203400,7880,-28833.27708455655
266,032350,15050,-27780.30379853846
535,036420,46100,-27542.65569850526
117,002820,5400,-26864.712523940172
2128,256840,8690,-26356.21693585693
2009,199800,64400,-26351.088650680867
1973,115180,30300,-25719.702521381867
562,272450,17550,-25590.613026819923
277,071840,22250,-24336.115249118597
1859,314130,22000,-24254.47369811089
672,069640,3870,-23999.711216437237
1835,058420,2160,-23437.76612582283
1033,219550,4210,-22445.813926568328
1623,226950,20250,-21684.77927645886
1412,175250,11550,-20086.14301373822
1557,183490,19800,-19998.179960366786
2007,108230,8090,-19667.442902361436
316,005180,53200,-19618.848021279755
1462,217480,3075,-19436.48080268869
1568,138690,1650,-19295.383496660255
541,004910,8270,-19057.03125
1813,095700,33950,-19005.668290141333
471,006980,31650,-18766.990291262136
1466,298060,10900,-18731.719749715812
927,065560,5770,-18606.255320317432
1348,217330,59600,-18358.877465512294
23,114090,14000,-18312.306697187178
1508,227100,4750,-17966.440702448057
1722,263050,13350,-17759.935353519657
1146,314930,25550,-17601.583607522134
311,011390,103000,-17537.878787878788
1171,338220,10000,-17256.3254368614
419,003620,2770,-17214.628707759894
913,033640,29400,-17207.88082779274
2035,208340,4920,-17147.617492509187
694,097230,7900,-16791.97926668379
725,267250,59100,-16747.921669346117
2193,028080,4350,-16652.744987758306
1927,274090,16450,-16467.071389272314
332,010140,5680,-16421.227272727272
1289,268600,27350,-16193.218809102376
1409,185490,8610,-16142.817023137335
934,214870,9030,-16124.287673176637
446,078520,6830,-16031.244836260132
2013,322180,11200,-15914.017836725357
1144,301300,37400,-15838.198767781687
2105,062970,3745,-15788.255175418193
1009,023790,3065,-15709.021132168109
1585,033310,6110,-14446.151974093847
1761,181340,2705,-14242.786034969451
610,091810,2715,-14161.479642410763
1064,294140,4220,-14056.756756756758
2131,080720,8740,-14055.392594481997
633,019490,2470,-13911.859717347135
444,298690,2235,-13714.985561056104
1205,100090,19950,-13631.75206232102
2169,084990,20800,-13515.232402935513
191,128820,4990,-13473.71636041958
1288,299660,21650,-13432.064643262613
1190,083650,5190,-13298.07692307692
1176,288330,11350,-13267.411963037248
2024,321550,16100,-13227.704584135301
2134,101680,1440,-12950.975725844834
1558,182400,19900,-12816.363228607293
1559,348370,80000,-12796.094979141517
1353,099320,48750,-12725.621964498354
1598,122640,8380,-12556.727787988859
670,003680,8340,-12091.121448293467
549,063160,33250,-11988.781548249877
1575,170920,10050,-11892.465773154301
1155,308080,20550,-11695.217209668914
1024,376300,37000,-11481.007150785501
1248,018680,6000,-11366.031858908704
1981,045520,13400,-11158.461538461537
1260,171090,18200,-11099.552020038076
620,010770,3730,-10996.572690401796
1968,317690,6370,-10993.111343603241
1339,226330,12450,-10952.597000366097
1553,365590,2125,-10867.391304347826
1628,321820,11400,-10813.108092576416
1387,067390,6560,-10674.894068839045
1805,174880,1700,-10455.301819814515
812,078590,2380,-10445.027993918295
1088,305090,13400,-10362.863236832454
1471,095910,3635,-10357.448487675898
1989,065130,6770,-10317.810986640989
1886,094850,12700,-10288.571428571428
2175,041440,9000,-10244.506234223549
881,308100,9260,-10203.58664180575
1736,258610,4365,-10122.472982732192
925,142280,6230,-10040.117376842463
1436,347860,19100,-9941.262756126036
1759,294090,20700,-9885.916194812162
2119,221840,6220,-9752.394402697486
1184,148140,640,-9671.902167220294
152,008870,68200,-9640.0
1061,141080,34750,-9624.635511831375
1522,089530,1930,-9594.677868136047
1048,315640,10550,-9543.266220049567
1622,244460,7640,-9437.331892245682
118,084870,2115,-9406.995381222801
1732,246960,9960,-9380.966282430694
722,267260,24650,-9345.264193673089
835,038340,1335,-9309.478926684866
1900,071850,2380,-9249.698898944232
1510,028300,28900,-9204.102907207707
1116,257370,9210,-9171.44308243323
1500,298380,20550,-9147.76276737486
855,348150,15750,-9147.50237563289
1179,044480,2215,-9117.306864606431
1942,036690,4210,-9075.822558947153
1295,053110,3960,-8872.13686960095
1158,267790,11100,-8864.37131443789
2192,115160,4455,-8815.606625452827
1612,039200,24850,-8694.479090196572
276,002270,324000,-8659.655681503324
1963,052330,10900,-8631.387920500056
33,082740,10150,-8505.33823520032
537,271980,24500,-8482.222762632682
523,020760,2035,-8476.961515957459
1433,096610,4050,-8468.89354569474
1005,094170,5680,-8460.244587599627
739,013520,1760,-8449.139294257815
1898,042000,16900,-8341.038737357427
2076,334970,7000,-8321.615454257224
1860,389030,9970,-8297.671012386705
2194,032860,3640,-8245.259477016722
1923,256940,7780,-8169.6513953158665
1104,235980,27250,-8114.806607586049
1961,121850,3665,-8042.529948071452
2087,300080,37800,-7984.424336801297
1851,033340,1055,-7971.632090134082
528,226320,21600,-7951.4567600492755
1405,101390,7270,-7894.149049728077
807,160550,8430,-7889.312826375704
278,027740,1915,-7862.074403599943
2173,052260,16200,-7790.666666666667
2014,117730,7540,-7749.693665700595
1704,206650,15950,-7565.961317890913
1450,092600,4040,-7534.556723098799
1712,049520,2190,-7513.907775538106
1040,106520,3750,-7454.6246443782375
1814,072520,2070,-7363.062712853844
1957,950160,8010,-7296.667208358588
2058,087010,9160,-7292.4357385006815
1222,000250,38100,-7271.156969543405
1504,088800,10750,-7243.355222365837
1571,156100,13200,-7219.5815300868535
472,017370,2985,-7092.367423946658
1489,052020,5720,-7041.492772919903
611,004870,759,-7025.438712654697
1788,175140,6900,-7022.204529914704
1451,129890,13500,-7016.707602232946
1884,261780,7130,-6969.573988006127
2002,091440,4090,-6905.063549797703
1865,208350,5270,-6893.362712589994
2118,106080,5990,-6799.774042113874
1555,354200,10600,-6782.285965824551
2042,049120,2165,-6685.683548594316
1452,174900,13500,-6683.6100555494295
1977,114120,1085,-6678.016144979453
973,010170,2345,-6660.281760810126
1464,097780,3385,-6638.326539285995
1378,357580,17100,-6620.490789526785
1586,259630,17050,-6610.308166310177
921,104620,11500,-6539.993623650608
1539,173940,8820,-6467.857719660727
1499,096690,509,-6445.905807788832
1286,331920,8840,-6415.856253463313
1478,214310,4200,-6398.797574089487
1027,196490,4550,-6314.833222414955
1148,142760,6140,-6285.813004631016
849,223310,3320,-6271.4187851267325
1819,123330,5990,-6187.142857142858
1055,347700,7390,-6141.443926097134
331,001360,3710,-5996.836399302052
1891,066360,1395,-5969.167996034521
718,322000,22900,-5942.857142857143
1358,352480,20900,-5901.772339181946
1530,128540,6420,-5879.605461301755
794,044180,1290,-5861.487555798323
1052,300120,12350,-5851.723245326295
1829,204270,6000,-5810.871458371947
1135,214610,7060,-5779.709606620666
2031,034230,15100,-5776.60616789443
893,138610,20300,-5764.511278406914
1075,038060,1400,-5689.657763832075
1397,289010,5950,-5677.067004704666
844,217730,3535,-5627.086879422109
290,033920,8400,-5626.666666666666
1314,099440,2055,-5625.666557624655
1858,228760,11700,-5620.461569522134
944,068240,29850,-5590.170682940739
2161,086960,22950,-5586.6625403931
1744,351330,12150,-5529.334549473247
1582,323230,1285,-5513.407589805118
367,007610,3000,-5493.333333333332
1513,115450,7990,-5488.075379482844
882,187790,1385,-5481.811436104922
1440,117670,2885,-5445.399331709571
182,006370,10650,-5389.216078825972
447,015260,2395,-5349.114085437815
114,011810,4160,-5336.9056652397885
2018,246710,20250,-5330.424773725079
905,950220,6090,-5315.08987456238
1461,038680,7650,-5253.585856643256
1608,352910,14100,-5243.293535885383
1215,054540,5090,-5215.384615384615
534,025620,1285,-5181.759025792755
181,019680,3715,-5151.4205248111475
1511,067630,9500,-5146.909705965714
517,003120,83000,-5142.857142857142
912,007390,16600,-5113.737922583841
1876,219750,1425,-5097.419471943551
1111,140410,17950,-5086.751493473678
2172,048410,29150,-5080.3172027329065
875,204620,2910,-5006.995214506705
1832,322510,5890,-4991.271863586312
1305,304100,11500,-4977.782308777385
1854,051980,1020,-4966.071190065665
1512,047920,8250,-4939.623319548624
888,091970,1610,-4930.1248111451305
787,099520,1285,-4906.202828008207
1068,277810,21000,-4860.797012050785
1969,365270,19250,-4844.055927012161
1442,293780,16600,-4793.517302628753
1379,052710,27550,-4791.958787307026
1556,208860,2205,-4747.522755209496
157,001210,2205,-4700.633272037191
1720,178780,1730,-4633.987368076675
2157,123840,789,-4581.717791250292
374,002420,10500,-4548.196856248919
1417,372800,12400,-4517.93151438987
1441,291650,10650,-4512.300524161832
658,123690,9800,-4492.78068210107
1614,031510,2245,-4428.928571428571
1952,166480,13350,-4399.413436056295
390,012600,2490,-4377.044103500094
2023,062860,8600,-4362.526233905144
1004,088910,3530,-4276.517856078276
1233,042940,1585,-4268.885508635488
474,010400,7510,-4214.117028339018
2008,079970,1140,-4052.224096755968
627,950210,15900,-4023.8847227414126
1414,119830,8500,-4008.1985411495093
1357,222080,13200,-4000.4892127259245
2104,304840,10550,-3996.5352583410754
566,000650,66500,-3974.1957151453244
1153,032980,1555,-3952.719472192669
1714,056090,10800,-3938.893106049426
347,000520,8080,-3902.4511290432642
2012,026150,11550,-3891.981748207075
473,105840,14400,-3854.1373596251137
1406,078860,967,-3836.442677970438
2110,299030,55600,-3836.3907150513105
2197,215090,1505,-3784.6957112867867
1415,052770,2085,-3783.9192055352814
354,011230,3560,-3755.0416238762127
1404,307180,3925,-3752.9340010320234
1391,227610,1495,-3751.3219802940175
1013,030350,2130,-3747.790806261762
873,186230,15200,-3737.458166161253
1296,950200,5640,-3690.375749867262
1997,066700,4810,-3650.255962882803
1954,196450,2530,-3640.321137926068
1996,182690,1440,-3634.1474340206855
1327,269620,889,-3626.2886782367946
1416,124500,4865,-3608.21813750742
2081,335810,8220,-3600.237032946851
1786,150840,5850,-3594.1813073801814
876,019660,3085,-3589.8556431018237
1366,189330,18250,-3543.88477463481
1115,096640,1715,-3522.879147298803
1400,068940,3435,-3475.518056344281
461,012280,1490,-3468.708999175102
1054,069540,4565,-3444.8680674620127
2163,002680,2295,-3435.091659748847
1012,073190,2955,-3424.9551304975585
1803,234920,3250,-3421.7949864421535
872,204020,3040,-3400.4337029586404
502,074610,4035,-3385.6376157172285
1807,110020,4850,-3324.2033368504494
2165,076610,935,-3313.6796142884236
1486,234300,4325,-3302.6496499152827
1948,082660,1100,-3300.5624552981485
1316,131100,3300,-3297.7898522598307
1134,059090,10450,-3287.8693451535028
601,004100,1380,-3276.8392370572205
798,226360,879,-3250.2426985223206
697,005110,690,-3238.79516041476
2049,032800,709,-3198.1637351608742
941,340360,1950,-3188.5768695826223
1899,317530,8700,-3156.291377771537
1206,122350,3790,-3147.6734603343584
132,214390,8000,-3135.083402839185
1157,323990,43200,-3128.8182355646063
1782,035080,4520,-3115.745381287441
1029,127120,4325,-3110.9526761878897
1546,317870,12050,-3109.2684477558328
2055,222110,7880,-3099.9388441067913
1949,222040,6090,-3099.185573007562
1364,115480,1110,-3096.94254175894
386,033530,7000,-3065.314674068951
1401,052860,3645,-3061.100986438113
324,006660,13500,-3059.1975648492044
1817,187420,5890,-3029.911093865908
1370,060590,10000,-3026.3404934944842
1443,196300,11300,-3016.4803332621755
1031,134580,9520,-2974.015114859895
1185,082800,1125,-2967.7072459112323
479,010600,1660,-2952.3376227855133
1459,136510,11600,-2945.69663268886
1077,060240,6210,-2929.299935853483
678,004710,6550,-2905.6479130814514
607,214420,5640,-2886.7420592456415
2155,024740,3575,-2875.750451769824
413,002870,2080,-2869.0998235060224
604,007980,2430,-2867.52199972141
507,014990,965,-2844.1731254630076
1700,086390,25600,-2833.3322135015183
1016,060570,4470,-2832.0512364375513
1181,369370,4700,-2813.929952777431
830,161570,1315,-2805.6521183892787
769,056000,2860,-2794.5928608826725
1386,246720,5130,-2788.8366626847574
1475,351320,3765,-2772.5434261423775
1049,317120,7350,-2764.4044106227675
116,071970,5010,-2759.64415960868
822,255220,1850,-2712.659503964499
261,013570,8480,-2666.0706097231673
659,003350,29050,-2652.2506619593996
1624,057540,2460,-2634.9127991120654
909,290660,2585,-2622.0572864165424
2096,057880,1740,-2617.850954117958
1925,042040,747,-2605.78937359582
1849,034940,3050,-2596.5283795806868
1935,080530,1670,-2591.256152333484
1902,050110,1795,-2585.87579739185
1562,291230,9160,-2558.2757745556123
1653,066590,3875,-2553.512457874771
1214,361670,8740,-2549.5539780276085
346,004440,9780,-2534.5691432740023
1901,180400,7740,-2533.3806621397603
572,001620,715,-2528.0112490886854
170,003580,6660,-2515.5435667030633
147,001140,1420,-2513.0609257211486
1250,189860,12400,-2507.5318751430596
2074,220100,16400,-2497.814229960026
1107,054180,719,-2485.8195858301574
1883,085660,17000,-2482.391600900528
158,073240,4075,-2476.7781423263705
773,245620,3640,-2458.135135012659
443,023960,2950,-2456.531995694626
1924,024880,5770,-2428.569412893485
1169,014470,2600,-2428.0518335196707
2190,090710,3345,-2387.570204185728
2141,053590,813,-2386.3509063498705
1974,182360,15200,-2383.2485300101334
2040,047310,7000,-2377.03851650717
1768,001840,7360,-2362.948960302457
917,137940,1000,-2330.7927458324325
931,126870,2230,-2320.185224238929
2010,105550,3590,-2310.4245481584708
1980,083790,4640,-2296.2898073990355
1672,008290,1075,-2292.4936327334763
932,060260,1270,-2291.739613864671
950,007720,1175,-2271.9144606993323
916,065170,1160,-2271.6503332298944
1801,254120,2160,-2265.328122973461
1098,377030,15450,-2234.248804581188
2003,200230,1990,-2218.477675394225
1716,340930,16650,-2211.762642738786
695,003480,4460,-2206.922279085285
2063,318020,18100,-2193.129321499333
412,019170,27900,-2186.2795482267716
539,002620,12400,-2179.8801817151125
799,111870,589,-2167.9556797163636
942,039560,7480,-2151.9570274879316
858,038530,797,-2115.491742990988
1506,312610,4460,-2102.4947168587787
1627,153710,9470,-2099.528846640188
1794,333430,4090,-2099.473790700981
1552,031860,1685,-2092.15869248163
1483,096630,1430,-2091.947800779044
804,114450,5620,-2090.6666666666665
1080,016100,3400,-2074.7719975829405
1149,086820,14350,-2069.153695262903
563,011000,10200,-2053.463904337393
17,004840,5650,-2034.1194179628696
282,017180,3465,-2021.8856084568008
628,009810,1670,-2007.53332704839
294,396690,6030,-1995.8706125258084
1641,332570,5330,-1988.0803490319524
1688,299900,28700,-1967.1338870965776
1947,009730,2715,-1966.5895568673118
281,090370,800,-1946.9040133516096
2107,161580,8670,-1945.5087466717039
136,012200,3585,-1905.2147239263802
1873,065060,738,-1895.2525978377855
2189,353190,1725,-1894.1950088091792
1934,078940,1830,-1890.7913316092086
1581,123040,5160,-1886.739229796674
1743,131400,1755,-1883.1287572264205
1237,294630,3040,-1868.2360597611125
561,051630,4785,-1844.1666666666665
1921,036030,6170,-1818.2640492722016
764,013720,2195,-1814.660684759948
312,005030,824,-1780.1058738582778
1468,103230,2505,-1776.3888888888887
453,900140,3540,-1748.5242641224027
1147,208710,1620,-1741.1909591688545
582,071950,1075,-1733.5760814386028
569,377300,91900,-1731.1885978597436
2120,106190,11400,-1728.082482999195
204,024890,2700,-1698.459158627067
1050,042510,3335,-1697.0654836070248
2045,131760,1295,-1665.393452289809
1692,097800,1755,-1664.279407586597
1613,226400,3350,-1664.0067064371271
1439,085810,2430,-1654.328038461796
232,002210,7980,-1652.429009343331
836,073570,1355,-1638.838244020233
1847,041590,1975,-1617.6748739359443
862,014200,2825,-1614.1035497533721
1804,289220,26150,-1609.8705261056878
648,025890,3770,-1608.4166080200305
1217,032280,2740,-1606.0601014334272
1497,054630,368,-1603.4483033325241
886,247660,31000,-1601.8018522145433
899,168330,6350,-1599.4381969396848
422,004920,1150,-1579.656685110345
2077,203690,2645,-1577.6026260788128
1610,052420,2150,-1568.98350598295
1333,215600,12100,-1555.9878824259933
884,151910,4910,-1555.0928477256991
1110,065650,2110,-1549.6621316981702
1308,084180,1525,-1548.179517334545
2027,130740,3555,-1530.592473191797
289,009200,3125,-1529.9460625518661
896,267320,2890,-1496.8314233777908
1656,215380,4860,-1496.1738035037497
555,010580,1530,-1492.6505432363497
1243,043710,1490,-1477.0953702137194
1896,284620,2555,-1467.4695350717616
957,332290,3065,-1463.7230075575508
805,060370,5610,-1453.4246575342468
1841,276730,2620,-1448.318779403448
178,058730,6570,-1438.6817314262069
146,005320,2180,-1436.6621577512524
1017,217620,1325,-1426.3512499312153
1541,054940,1270,-1408.351015091904
293,007120,416,-1396.3871469424969
868,006050,1715,-1392.739978913458
1802,043910,2080,-1381.8415040452012
883,286750,2705,-1379.9473421085409
2151,042520,10550,-1363.9538666854862
1044,263020,3400,-1348.026239688211
915,089140,3650,-1334.4023803836049
205,002880,1135,-1306.4960037834776
1521,230980,1195,-1298.1143663584082
1168,226340,2385,-1296.1082614898253
1760,088290,8490,-1295.9823974760884
490,000220,7090,-1284.792771456431
1278,258830,3750,-1276.7282706909837
480,008600,1250,-1272.0856444264957
2200,263920,4555,-1259.656054767839
86,001380,1790,-1234.539263875217
770,065770,3210,-1228.1613692762862
920,225570,20000,-1211.328818128745
2166,059270,7740,-1210.3594080338264
1956,102940,34500,-1204.8344794010984
1728,303530,18850,-1197.8184156337243
1446,205500,3580,-1187.64130509999
1361,297090,13350,-1184.7104505031105
2174,016790,129600,-1178.768637145097
1971,040350,1115,-1154.528788410309
1493,317830,9190,-1153.9830830990581
1271,340440,3170,-1131.137296115971
815,327260,12650,-1113.8969511948892
201,000430,3420,-1110.8064516129032
848,053950,2790,-1106.3365075001866
910,306620,4235,-1085.7705425851693
313,002070,2500,-1077.3984954683813
737,241590,14900,-1075.2632971352784
1625,082210,6510,-1066.0046818435508
1046,187220,7420,-1059.153509811617
1953,045970,7870,-1056.4366710297247
955,025440,719,-1054.259523912641
1864,036180,1760,-1040.8884545968037
1892,047820,2505,-1032.5442045863522
2180,011080,1085,-1017.848907186303
1936,224060,186,-990.2831416389666
50,000040,812,-984.8380807303229
504,084680,2480,-973.9348971874591
1895,016920,3155,-973.0674702638808
1335,002800,5670,-972.9409050459774
775,079190,1460,-955.5062850887816
1986,139670,12450,-944.9069772300302
2033,043200,1245,-940.0943416965449
1919,032500,31850,-936.443322966997
2060,022100,5970,-934.8521941983399
571,109070,4100,-929.9529467741544
827,048550,4660,-916.4589415516334
1437,196170,48600,-909.5495527942516
356,000390,9270,-899.8852315489615
156,214330,1375,-885.9690178710036
448,007460,1540,-876.9987436878512
1524,262260,14650,-864.5836335359837
1687,038620,1440,-858.1973512792902
1125,033200,6870,-828.9614571300281
1207,014970,6150,-824.4628099173553
430,012170,1155,-817.7947771332854
2069,123010,1240,-814.2602581546265
970,096350,524,-812.3423323558052
567,033250,1210,-804.0625
880,035460,5820,-792.3256231932573
809,104200,11350,-783.6763322329041
1658,018620,2135,-781.6044511715811
401,011930,1870,-772.6083485685522
148,002720,5560,-771.9675650820898
1020,110990,8670,-770.3703703703703
1753,063760,6370,-762.4558585242244
1514,043220,1410,-716.8932636913746
1229,101000,909,-716.5077703950641
2159,043090,1760,-713.9503436157266
417,102280,849,-706.7995552905548
1756,095190,3495,-702.4253542721375
1970,060280,7460,-700.1731508470434
1038,043360,3730,-695.5555555555555
1124,250060,2120,-695.3399540969946
1945,041960,8080,-694.7011208509487
183,008060,7850,-685.7449730969029
1618,067170,8880,-683.4894736448862
768,056730,3100,-680.3018197918101
1300,043100,760,-670.6802366482459
34,003560,1060,-670.2400205746378
161,013700,2365,-668.1833121162431
305,007210,3590,-661.901983663944
834,317240,1210,-656.5691875864526
1069,215100,8660,-648.6979305651428
870,078130,2830,-645.3661717623886
1509,176440,1920,-641.71239003517
458,003520,4530,-633.2673768210066
820,099220,1880,-627.4630813752711
829,089230,579,-624.6750111679034
1362,359090,1975,-622.8461828991495
1861,043610,4905,-606.7234664909521
468,011690,2440,-606.5225210861561
2016,057680,3145,-605.4721005943065
1874,204840,1210,-602.547341232777
1034,310870,1965,-596.7990385169622
1694,313760,11600,-589.523999203346
1197,307870,2680,-586.1264628311664
219,069460,3060,-585.1527086080464
498,007660,7270,-569.8346336414713
1427,065660,20500,-569.3512468638149
591,015590,465,-563.0339420890224
1879,086060,5280,-562.0987279961284
2150,226440,1530,-512.0414690642345
1637,193250,2980,-496.43544518367673
125,035250,25600,-493.92237561378045
1878,109820,5360,-484.46476450501234
1371,260930,9720,-462.7333909604437
1797,019540,3190,-449.9204499204499
36,001060,26400,-436.4669783648098
1262,014620,9990,-424.82517482517477
1109,078160,21550,-419.940883636779
974,060900,949,-416.52486137468657
1995,073640,2215,-400.11515324909834
1270,053060,1170,-398.0753315466337
37,096760,4095,-394.3518481005513
2206,238490,8320,-389.84335192441176
1685,101730,13800,-384.7390796272337
2187,050090,736,-384.513606461911
1718,056080,6600,-382.5427024288022
1502,195990,906,-380.0048437546625
738,006060,5550,-378.5249457700651
1495,043340,1200,-376.80555555555554
988,206560,15800,-371.1088275259327
1806,049630,911,-364.96870974789476
2030,058530,1620,-362.8634082565143
1839,023440,2415,-357.58309694798425
791,024120,7470,-352.17391304347825
998,025950,25550,-347.61904761904765
565,009310,1225,-340.4260003313547
790,024840,2320,-335.9549350596379
240,008970,1300,-317.36474705996005
1872,270520,3200,-297.99184258545665
2178,092300,5030,-296.6745768796677
1084,029480,3680,-290.8827546143438
1072,900260,432,-290.74730344226435
1480,007820,6700,-288.5103114483786
1349,010280,1055,-284.0658861509579
1595,036000,2400,-280.01747135367003
1454,060230,1115,-278.3930188212894
1837,052670,2405,-244.42941249330906
900,094860,939,-203.8902193741536
1659,307280,1900,-196.40971813340104
891,242040,2455,-192.16335637541357
1167,006910,7000,-188.48021926559312
1550,101400,932,-182.0677999245676
206,000300,1140,-179.25801463079287
2143,037230,3980,-166.32129148482838
228,004140,3135,-165.30556744565123
1363,115530,739,-159.6456895663817
383,091090,941,-155.97207900672487
364,004410,309,-155.1905289406499
1606,065500,2005,-149.6397053931284
1777,083640,1240,-147.94047074441502
1025,109740,6530,-146.90150679502727
705,101530,8350,-133.94318926701547
2078,321260,2965,-132.9269580475094
309,003000,10700,-129.04033993813016
1368,900120,264,-124.78433852009123
1693,192390,3960,-123.86345892837839
1210,009620,1690,-121.75299296367136
1987,054780,10300,-120.7297417155993
1087,195500,4965,-111.75288799598192
1697,018000,2145,-105.85038254565475
1783,051370,15850,-102.45430795072865
771,083660,1905,-99.61675937151001
1766,096040,255,-98.70743681718217
1920,225430,1995,-78.8896638403847
846,094480,7970,-71.88405927141478
308,000890,897,-65.33921485941119
46,033180,2110,-55.33782203553508
1781,017250,1430,-54.64359569687856
1298,258790,2450,-54.418972630617944
2067,041020,1780,-51.696279334226325
301,003610,3630,-51.04682624629291
1127,006920,5760,-45.78754578754578
1863,303030,2835,-29.653942961703777
1065,228670,21750,-9.769636480844673
1676,076080,3905,-9.607649533697533
197,009320,2185,-8.395182214806479
519,007110,1745,-7.875376936842445
2065,331380,2745,-7.752546683897994
1972,051780,618,-2.00928369438152
505,350520,5760,0.0
1390,154030,6450,4.542801962090681
1247,027040,806,8.334668772425559
777,214270,5830,31.536073397630606
1317,159910,379,34.25095113945389
843,036620,1700,35.28986542881707
619,090080,1730,37.33908271424678
1180,033560,10500,38.01169590643275
501,093230,177,51.17330235878043
89,002360,1285,55.96860647078075
1383,149950,17250,56.383149127022264
1039,197140,4450,77.4248981104035
1403,038880,983,82.84449034100075
1940,101670,1840,84.65608465608464
2148,047080,4425,102.3270871643883
1329,139050,704,102.54619274780318
603,001420,5180,106.57894736842104
933,012340,3175,118.15805767058478
1748,900110,289,129.3183548814003
484,047400,2825,129.52380952380955
1911,089150,6330,139.35860058309038
1525,109960,591,148.29719812814014
2092,024850,1140,157.2450044272602
318,008040,1925,166.99186508020853
1375,050320,719,167.98209490577165
874,900070,780,169.13525997931524
1994,191420,16200,171.41798685236373
2032,033540,2085,176.32346467789222
202,006340,1940,183.61809227927176
188,006570,4160,187.19211822660094
1796,058450,869,189.6913395265208
788,067290,4070,191.64299113345487
2066,141020,1335,191.7558285540708
588,031820,960,196.94102671999028
449,003060,779,203.29886237163038
1535,073540,4340,204.38596491228068
1154,222160,9240,207.51814924263243
857,035290,2955,212.84284330432578
1079,039980,1205,218.09704053909914
211,001440,2130,224.43234845602024
767,058820,3055,227.8744952813924
2149,070590,2645,237.03988055495574
1636,066430,2390,240.70151756517802
1356,066790,678,243.90651095575015
1982,036170,1315,247.3697571340672
1775,033230,2630,248.62694177641524
1746,086890,7400,250.13058021735924
1811,045510,1855,252.101163540012
817,950110,5670,268.5787031224145
1488,098660,3050,269.57895127548437
1331,001000,2255,275.9752429611896
306,002760,1970,282.9716193656093
465,002630,920,287.47795689609984
1591,007530,2905,288.9261189837394
956,104040,2010,304.4603826277908
1351,222420,2005,314.5063240548157
1965,126600,7720,320.5512478983278
1227,027580,1850,335.24114948580274
825,184230,1145,338.4390656250513
1129,279600,11500,341.53143978341785
500,015020,1865,349.34518197686896
76,400760,5340,355.4502369668246
1306,086980,5400,359.0423408027344
1691,320000,2730,362.1788419661273
1677,196700,4240,363.404878146585
415,293940,7720,365.7043887086576
1724,072770,1820,367.241628549349
1792,016670,973,371.2421062677238
2053,054300,837,379.9842814690865
2070,290720,25000,383.4832444269306
1340,056700,2840,385.4458529063801
828,063440,2590,390.97810141296947
1221,054090,2790,394.6435531349683
1856,000440,30550,403.0749301845311
989,261200,8510,411.30541019075224
2185,061250,2930,417.8520387988997
1399,040910,10250,421.80048693046757
1647,215360,16950,424.871960783004
2179,138360,4480,425.28622456314554
759,060310,3070,426.3962581037711
1643,032820,2370,427.672323624994
322,001470,2560,430.6417998290914
115,077970,13800,436.7874280322087
731,093240,2320,437.49280608399386
2051,027710,3895,458.1004984894531
436,001780,3445,462.51732017665154
2015,033830,1235,462.8
879,049080,2380,470.32403016332995
1631,065530,3285,475.59591373439275
840,052220,4245,481.7391304347826
509,006490,2720,482.66739474458745
1574,037950,1440,484.32447139151606
570,006380,4450,489.49999975
169,002350,6320,493.30446693338075
864,090150,2295,495.49147067923684
485,011330,1250,497.0527509579168
1648,072470,4205,522.5722344929336
1638,273060,1650,538.1569213650062
1279,036630,520,544.1778523489933
462,012160,1055,551.6710569377832
551,044380,1080,568.2504999557088
1467,065420,891,573.3282413911966
1131,218150,8630,574.4918385970457
1742,115610,2620,576.0595646894666
1216,065570,6220,576.2455287701234
1820,159580,9160,581.0518396081275
1833,033050,1280,581.9638714618607
1268,043260,1590,593.5731124037981
1561,227950,1600,605.596060415192
1380,074430,2215,610.2917691087704
1071,108490,19250,610.8102662838697
1036,079810,8020,611.9438926215522
8,011150,3895,613.4017768000705
1421,013310,3090,623.3478640298699
1914,073010,1955,624.1666553152515
2020,277880,11750,629.6457959138309
1937,104540,11900,636.0707743628843
2109,163730,14650,645.4568123771077
1655,046940,5230,653.4121559004889
1741,065440,3150,662.1443353662069
187,005750,7710,662.1785674870324
43,092220,3215,662.6682687413581
680,025750,1665,677.7123939781951
238,001520,1465,678.4282032269576
370,003080,4205,679.8201798201799
758,003280,2690,683.6230385605777
1928,217600,2645,684.295068033336
803,058400,1260,687.836536994868
1906,263700,8240,692.4620668395556
1150,038460,4620,692.957914754229
2064,256630,3235,701.0776105353893
959,045390,4010,707.504190844997
1022,214680,1635,708.7016363127486
1325,048870,3900,711.6444189955278
2004,215480,1385,719.5039379163993
2171,319400,3525,720.1490130105799
1822,033100,5230,730.2765108272363
382,013000,2385,732.6241870283993
1042,033130,2990,736.0852341436745
1596,250930,1860,737.5659233634459
987,263800,7160,738.807164506488
1192,335890,2430,763.2452727990325
824,049470,978,763.4938120018314
984,090410,2920,764.0380048691419
2005,051360,8890,768.7126402306674
1120,087260,4085,770.4286978251731
1537,064090,3570,774.3819526600566
2181,060560,1710,776.849447822415
996,099410,4190,782.0691555912921
869,060480,3685,782.6871055004508
121,024070,3295,790.7903976122828
1721,179900,15600,792.2553950031762
741,133820,3200,803.3840947546531
616,010820,4490,806.0512518762433
1909,192250,2220,813.3433936232377
871,307750,7400,822.9183116626417
1840,038010,6370,830.0
1938,027050,4050,830.7499997499999
2122,368770,4850,835.1987300488316
613,036580,6640,837.5094679274578
1915,105330,9570,840.5174217012698
1939,290510,6500,845.3881161669382
1800,049550,7190,854.3182369605406
384,021820,8090,865.0
373,000180,2780,873.6717150574324
2088,032580,1690,875.285041100971
1496,187660,4240,880.6457152670444
1809,022220,2015,883.4901428583868
1713,336060,2265,883.7918655162664
859,900280,414,888.2415491000577
284,012690,3715,893.5979910998404
1654,103840,5100,897.7416187403562
470,118000,1150,913.7596801416114
802,052900,1595,923.7227378312942
2186,097870,11950,926.9729093050648
195,014160,2240,927.1683947870847
762,211270,15750,929.5661989043584
2202,024060,7910,932.6666666666666
1763,099750,37400,947.3849044785468
531,000950,56300,952.3809523809524
977,021040,826,967.7906230014532
595,020120,8740,971.754056333689
1261,086710,7220,975.1476652178758
937,085670,5870,992.575182406859
1605,014940,3390,1000.1390934996422
1241,100660,5860,1010.3174603174602
831,192410,4655,1019.0149644144973
342,003720,3125,1023.8235294117646
1092,038290,26050,1025.697788108547
532,348950,5680,1026.5700483091787
1850,067000,6560,1027.9991348854799
1330,290520,7090,1028.4019230927493
1689,036090,1135,1030.1538036272195
1047,131180,1950,1038.160136286201
1587,065150,832,1039.4117194669116
516,013360,4655,1047.8505458966313
755,079980,7410,1059.4202895652172
1564,048830,2605,1065.481843735418
1350,208640,1325,1077.646792888956
11,012030,977,1078.9171179548396
1617,080580,25150,1080.3596387141617
968,003310,3580,1081.8722124978985
1867,382480,3395,1089.2559771873666
1328,131090,1385,1104.5454545454545
1776,037330,2345,1112.4473239557808
411,002700,2280,1122.910396831439
1198,357880,13350,1125.173798304725
1291,208370,3015,1140.1917403993732
1395,339950,3035,1142.9104123543786
1037,113810,1090,1152.9956229993634
1244,092190,8130,1163.1541339076095
1284,252500,1705,1172.9147800037554
851,024910,2560,1183.7291404381556
1321,013810,8040,1184.540652739216
865,053270,4510,1185.4888885706368
978,067080,7900,1190.869463625303
1003,228340,4635,1191.9999999999998
173,000320,11500,1200.7989375788445
1141,035620,1320,1202.0471610065465
41,009440,4520,1207.0436434532144
1082,302550,19300,1227.2309491978608
2145,052600,8210,1233.169314319811
2184,126640,1950,1249.7976914042756
1299,066910,2305,1255.1977213402315
2113,136480,3610,1256.7590104903975
682,011700,12800,1259.933728348857
546,018470,2325,1260.820639649957
410,009270,1795,1269.5564189962265
1534,038110,3460,1284.7763947652531
420,004770,3310,1292.5810240094343
833,048770,5720,1292.7743732709303
1848,044060,9400,1301.8620477026723
785,373200,10250,1306.1710205700685
1979,900250,1125,1307.3810605520823
1315,033790,829,1308.632887580256
254,336260,36850,1327.6080826429081
126,011420,2150,1336.4963990097294
141,017040,2755,1342.482736994179
2039,037030,4730,1346.351308689707
1870,053050,6520,1358.8951458831464
1326,025320,2775,1364.2267151471408
638,010040,3830,1384.0775850972732
452,085310,1115,1395.5404119597285
1831,126880,6420,1399.273248416509
1795,068330,3430,1412.3801851541089
1323,020710,7100,1413.609457715669
496,088260,6560,1420.8673953400914
1465,042110,2240,1434.3187534238875
1117,080420,3370,1435.620564769743
1413,052460,4095,1438.943872700428
1523,200470,6070,1442.3970224595557
2054,068050,4410,1444.7133025850003
929,069140,7300,1450.143979586478
852,198440,4295,1450.595935704735
1231,263810,4115,1455.9782784046688
782,078150,2295,1460.3035562816178
1620,049480,3560,1473.1537070247025
1226,046390,4425,1484.4949264855366
369,014910,2310,1495.8800180039295
901,253590,4060,1497.3521089543858
1272,017510,4255,1526.3019808474353
1544,070300,3415,1527.2721941158886
940,093640,4250,1530.5544536257619
2029,046210,3740,1545.5868780389746
837,057030,5230,1562.5864932083273
1463,121890,739,1578.8066733287524
2204,189980,3900,1584.0882733190306
1428,297570,2180,1585.1550918861376
612,005690,12000,1586.5854889053257
1445,900100,3585,1589.1388662566203
1698,203450,3675,1605.0132001435793
1453,255440,12850,1609.7411548476032
994,075970,4535,1615.2173913043475
1377,125210,12200,1627.5893673860187
819,036120,3435,1641.6901408450703
778,130500,4770,1656.2333362575807
389,308170,16500,1657.375145180023
1930,220260,8730,1660.1208804461821
439,011090,2070,1670.3993811404491
1070,090360,22250,1675.897435897436
1975,066310,15050,1681.4751163793255
674,010420,2000,1691.7962083855703
1932,046070,1470,1694.3878311671929
2059,119500,5420,1698.2869922695868
1142,064520,9450,1699.1994046349423
684,009420,16800,1702.88885063004
1290,108860,7200,1717.4507825441167
424,008700,2375,1722.4027232737785
2126,222980,7970,1727.6972874039739
1621,309930,4375,1734.8132674522167
699,372910,6100,1747.1016360748629
1933,047770,2325,1750.1439250926774
1563,198080,2925,1750.6234564504553
455,014440,4660,1750.9999999999998
1490,237690,92700,1760.8802269153628
1976,043590,2485,1763.6377004882836
120,002900,3310,1763.789898780763
388,027970,1620,1779.4417479687515
560,100250,3460,1789.238349448107
1252,122690,3715,1793.130284527404
469,070960,4900,1801.8698185725057
863,026910,5280,1804.7258526197795
385,067830,3380,1805.7598402763876
1481,109610,3170,1806.4750937485942
137,002140,6820,1810.7875382050709
1195,054220,5670,1817.5044316823016
1540,083500,10350,1829.0552911754735
2156,005860,9260,1830.5394533531571
2162,054920,7790,1832.5779339117323
1680,071460,3735,1832.7761373214191
1202,065450,7200,1837.5167522894794
2167,220180,3790,1844.0849134377575
606,078000,10550,1866.4896164018573
1224,038500,4930,1885.2572659408854
1458,019990,14900,1886.0018472568102
1381,092040,29900,1889.676121762974
1128,001810,3375,1895.4263128176171
223,024900,3055,1898.0512194387957
142,017900,2675,1906.1585627429827
1826,287410,7890,1906.3254772770267
1603,322310,20500,1918.5308729731846
1853,239340,5380,1920.3373922715186
2072,094940,9660,1926.7140639123704
1740,164060,5680,1930.237139000106
1060,217500,4305,1941.7201056205206
304,002410,5880,1946.2804056478456
1773,277410,2355,1953.781864871357
165,004270,3080,1956.8012512923833
1240,079650,2530,1971.9999999999998
1642,079000,6960,1973.6111111111113
1592,143540,2250,1982.0674465713428
1324,033170,2395,1982.0754911804581
1644,115440,10150,1984.983241804693
1548,236810,17550,2000.5388966379987
1941,123410,3155,2003.1562012141485
1604,046120,7860,2022.622039287706
2082,053160,12150,2026.6666666666665
1737,041520,6820,2033.0255900327597
1435,148250,10300,2049.6070343141646
1287,049180,5260,2065.5453775778324
813,024940,5190,2107.999999
395,017550,3740,2110.3946652897944
618,001020,2470,2116.998956569597
2086,023770,13050,2119.829783987622
1276,234100,2820,2124.441117125698
1073,067730,6030,2138.739592897276
1738,264850,3475,2151.199117801648
2075,035200,5560,2192.056184671227
2133,041460,7390,2192.1052631578946
1374,025980,7800,2196.0674890293512
343,023000,3140,2201.0
845,114190,2500,2218.731221077732
2139,050540,822,2223.281982292282
1910,115500,6340,2235.0
162,004540,4425,2245.661755005472
510,023800,10450,2246.104583559884
213,001790,4405,2249.026663000975
814,218410,29700,2250.7661900796497
1964,322780,3010,2263.1373135351887
847,039240,4655,2272.086721510071
954,036480,14350,2278.9473684210525
906,311390,16800,2285.7939214306552
2183,039610,6620,2293.859986167678
1093,220630,6470,2300.19327418183
832,032540,6370,2300.523937328416
1572,073110,8840,2306.718204357022
2085,237820,6850,2310.7255397539902
87,004060,688,2319.8226147605515
2147,092460,5510,2331.776753150722
839,051390,4100,2336.339958335124
1058,171010,7320,2354.9423318503377
1175,064480,5140,2358.5024053545285
1703,048430,9480,2361.1111111111113
1715,263770,3740,2364.961739518177
1235,252990,6380,2374.892645321757
1218,002290,4690,2377.4193548387093
1594,265560,15550,2389.1085089306257
980,299170,2645,2389.4394701365522
576,145270,1425,2392.803744692085
661,002390,21000,2394.0074107425758
685,014130,5700,2397.5
600,011280,4265,2400.5048164038217
1912,025880,4640,2407.893151521149
2043,038950,6320,2419.9949758906405
1280,039310,3415,2432.4473018955705
159,092440,4440,2434.2465753424653
752,093370,19000,2436.5376376873496
742,010660,3305,2445.4545454545455
1121,101330,3565,2458.449695778328
1962,015710,6310,2459.71307150395
1917,039420,3500,2462.0436659817765
1477,080000,3395,2467.7423537134277
526,271940,39600,2468.249140326146
1091,377480,19300,2498.680749202857
779,900290,1210,2508.7940630797775
698,009460,2075,2517.6190597338054
1474,060540,2705,2527.0434594076996
1731,215790,2110,2530.8349156119843
1014,203650,3825,2533.9015794528027
889,051490,7950,2543.661971126761
1885,158310,1680,2545.9265927007405
243,018500,950,2546.68314892035
1706,032620,6660,2550.331350536281
808,053290,7200,2554.1096386506674
1609,053980,6680,2576.082036155074
696,180640,55000,2581.437044091915
1652,101170,5270,2608.888888888889
1173,337930,8850,2610.879002581324
1307,050960,14800,2626.2775885054066
371,004980,12400,2626.8481089936386
1352,037760,2415,2632.938492068125
965,290380,6010,2637.9711895249684
692,130660,13400,2642.944785276073
985,263600,7630,2654.0600904816038
763,032790,4075,2656.5681409220347
961,006580,3260,2661.452513594041
393,248070,24000,2669.5036317068075
1432,140670,15650,2674.3658592690213
1871,119850,5070,2678.5971033094042
1735,053350,4440,2680.017438303513
153,001570,4450,2681.923509658606
1170,008470,5790,2693.698838758804
2132,063570,5890,2713.504101942009
345,002450,1635,2715.536455143527
1133,207760,7460,2723.9719832717024
887,039860,5910,2730.939220767284
1578,169330,4190,2732.3534622837656
1472,275630,5900,2741.7796875334934
1067,281740,4635,2746.0595642683516
1418,084850,33350,2755.982974463194
1193,138580,10800,2765.541284659097
1165,225530,7670,2782.430986093706
1384,036010,12150,2787.1950609248493
1282,053450,9950,2793.9262085758864
1275,100700,3720,2804.1095890410957
26,001250,4075,2825.752621678565
1103,133750,3390,2841.0211151097587
1423,158430,29500,2848.2326142388197
1675,065950,3800,2848.2568745855224
1787,048530,15450,2848.545517080995
92,025530,3690,2849.8712468883105
1448,290740,7750,2852.455898955301
207,012800,1925,2855.9202863262794
460,006740,12550,2862.1621621621625
557,088790,3630,2866.382856202698
476,016880,2170,2876.747155031811
1727,044960,7340,2877.73585628027
2137,025770,7940,2878.410959048982
387,075580,6860,2881.2940619871542
1199,032850,8500,2912.7802776501617
1019,066670,7260,2913.5586834909077
1136,201490,5290,2930.47136759916
209,001070,48200,2935.849056603773
992,100130,5220,2945.5926360184103
1516,044780,2465,2954.7513974952803
593,005740,9700,2968.2070473600434
1665,014190,3150,2972.6067634190895
288,009580,4830,2980.679743775061
736,378850,4360,2997.3217853171036
1161,206400,4605,3000.33484111999
2136,053300,6100,3010.317014196388
1425,001540,10400,3020.145034433793
2011,290090,18100,3023.1341156401154
1845,082270,14100,3028.6694026500927
1543,205100,4575,3054.171872113142
513,023810,9210,3058.9999999999995
503,102460,25100,3076.3543140104903
487,002920,3265,3077.7531554099623
365,021050,1895,3112.8230912578706
1723,191410,3730,3113.983499649311
265,115390,9940,3134.7953869002877
2061,009520,6740,3137.164270772721
1491,050760,4610,3152.189470768876
333,068290,27400,3158.9999999999995
1336,017000,11450,3163.3454387789816
2199,084110,25500,3165.2359324872205
1762,353810,5620,3180.0096631582146
203,003220,16700,3199.6760860174018
1699,011320,7270,3205.371235351523
821,036540,6200,3210.683614026906
1429,260660,7250,3216.541557553813
30,089470,4610,3224.1379310344823
1682,330350,9470,3232.071365105969
816,091340,5020,3239.1407818077687
2095,002230,4375,3239.5756155943573
1725,039020,4895,3242.9020887539436
1285,347000,14400,3247.9950901948846
651,017960,13950,3264.0475231124883
150,014530,4275,3270.2006514590726
991,006620,6980,3276.6564627876937
1223,024950,9400,3281.707711493292
1670,376980,29500,3288.279055289016
236,028100,19300,3313.2550268469013
1769,024810,1115,3315.815801573818
302,001340,5300,3316.235146095007
1565,096870,4670,3339.1231432678483
1711,069330,2640,3342.237746202882
596,014580,4700,3382.5059547331516
492,008730,22950,3408.4677419354834
402,005390,3405,3411.978938738371
1808,208140,2880,3412.0413853206223
1281,067770,4170,3414.4801349785557
1264,081580,3295,3427.2317452837515
1242,019770,5440,3433.4763948497857
1187,200780,12050,3453.5170770852897
122,037270,6870,3456.756100994791
1764,035810,4575,3459.622021941691
1369,101240,7000,3466.103988643331
63,037560,5900,3476.1897721747673
2068,114630,4050,3478.718266917588
1650,153490,1640,3479.7979797979797
1601,080520,6890,3493.774245827029
29,039570,9710,3502.249687865993
624,017810,15450,3503.8851231443664
1341,187270,4605,3511.488985685408
2006,045340,8150,3523.002930577562
1159,046310,3600,3541.096976296638
1767,134060,7090,3564.5017560413066
543,001550,22150,3564.9360516725055
1992,044490,10850,3571.1820552625054
1086,219420,7570,3571.2084224718637
1332,025870,12450,3572.5
1411,262840,8590,3573.022311359026
1640,122870,55300,3581.9676924590754
1028,066900,4040,3585.4817315638857
2084,075130,3770,3600.5804243932253
233,102260,4745,3604.97042769081
287,009680,8980,3627.2727272727275
993,005160,3385,3632.0745029881564
781,297890,17550,3640.866812305328
1842,080220,5240,3650.106249970785
2038,150900,10400,3651.787174496957
564,002780,2355,3671.709581816043
418,003410,7950,3690.6511624533014
1106,014100,6200,3700.0
1057,200350,17950,3727.718969935219
477,095720,3120,3751.147613692918
1701,241690,8350,3766.2577291744838
1821,147830,3395,3768.4999999999995
926,234690,9000,3775.8538679772664
222,004830,7930,3777.4234693877547
164,008350,2800,3783.748803879212
1438,123750,3925,3801.8885014212365
559,010640,5440,3801.9999999999995
372,011300,579,3805.806268473699
1099,100590,8120,3816.690372832019
1410,059100,7270,3835.4599016244133
392,336370,64200,3881.6913818017133
1355,050890,6660,3896.4980356619003
1579,179290,9760,3903.1224916182478
581,005420,15900,3907.731029656437
1297,032680,2645,3929.6477490426023
1729,302430,12800,3933.6094588866627
2098,239890,26000,3947.154616367853
1695,900340,1550,3959.066673325908
96,001740,4740,3975.7014981490997
999,088130,8770,3989.5195864404345
1113,059210,2735,3990.386362181999
1649,073560,2440,3994.792254698791
1372,013990,4075,4004.8606864314797
525,103590,5660,4030.7019424552973
249,002690,4590,4064.45994061189
527,015860,5440,4067.684667929264
1560,069410,7950,4076.2047254301297
850,011040,9950,4118.462209371672
1747,047560,11500,4136.62209733245
1846,064800,1550,4153.736234046241
1347,356890,11850,4163.0375390416575
907,085910,5350,4188.3853586427895
1825,090470,6760,4190.355154691718
911,153460,8190,4192.946600114486
1301,154040,3175,4229.228678958795
1393,054800,11950,4249.230461174384
1520,224110,13350,4254.681647940074
54,058850,2345,4274.1009722384915
1645,046970,2080,4282.420198620677
732,003010,6650,4288.6089056912715
2026,081150,5510,4298.593702214096
691,052690,80500,4304.552590266876
928,054050,12050,4322.992813539089
1671,008370,5440,4323.333333333333
1178,018290,6650,4324.917722891669
192,117580,14500,4332.0
218,016090,2555,4345.527593298542
99,068400,10450,4354.369088082182
167,025860,12700,4360.810093745541
247,163560,8250,4363.309352517985
823,040610,2610,4364.101993018141
310,026940,4870,4397.0
1422,059120,12050,4402.685268729979
1869,051160,16400,4408.563029462151
2205,037440,8610,4440.302460589801
709,005440,8760,4447.697701319373
225,002150,11650,4452.550414887307
1035,104460,35750,4455.0747296083255
1903,900310,1320,4493.333333333333
1053,171120,7880,4509.469250289092
963,048910,14800,4511.506766942159
1536,064850,8520,4527.3178807947015
357,041650,4045,4560.4744905444195
91,123700,4200,4562.029178274667
1549,333620,17950,4574.500414158539
140,009290,6890,4581.955374970925
2106,087600,9170,4586.999810691358
1140,018700,3610,4590.863199594462
1431,131370,5040,4600.026624322567
1254,011370,1635,4600.531454202352
2140,021650,3800,4606.569204375409
314,100220,7200,4655.782553487832
1752,066980,3670,4659.8642972610905
1547,067570,4255,4680.315245416319
194,009190,4370,4711.207289288217
1398,214430,20550,4723.671546527531
2111,067310,17600,4750.65092431524
558,003780,8160,4767.692307692308
948,004780,5480,4783.314350150557
2129,025550,5680,4794.38917189945
69,229640,7960,4794.467922632445
1196,042370,9650,4794.651913500082
2115,149980,9540,4805.013038835737
1771,352940,6160,4826.214858116645
255,016740,3635,4827.518214710397
1577,058970,17700,4827.81133273636
1151,086040,8930,4850.303634870996
1529,038870,7180,4850.575239294758
258,003160,8320,4864.623484587395
2127,318000,7650,4865.231034681781
512,129260,3345,4925.730154699459
645,006200,1730,4971.248080470505
1988,219130,17950,4996.602943482165
2062,189690,8590,5012.889050861108
2036,177830,4880,5032.853701999844
1294,290690,10950,5034.611897065259
2083,367000,15350,5047.337227304425
972,131220,8220,5053.3302747739945
553,013870,5640,5114.228608220936
1607,010470,6850,5133.172721617029
229,007590,7570,5137.4778339788345
679,004150,3395,5139.664692760243
1881,363250,10700,5161.952442006169
1985,237880,18600,5162.705444840863
1338,138070,6210,5163.737743646111
702,272210,15600,5204.071457165256
2001,054450,16200,5205.868748875955
2135,039740,4610,5225.483347856185
1633,155650,7100,5249.730679704448
1619,173130,5220,5253.603790081809
1267,080470,7890,5279.45205479452
19,069730,6020,5291.666666666666
946,008830,10750,5297.345652638324
2091,237750,7540,5310.470092048147
1045,290550,12600,5311.41189403952
936,144960,5010,5312.338302226938
1212,009300,17650,5324.960753532182
1772,079950,2615,5332.327586206896
1774,060150,10300,5351.8184972420095
450,244920,6920,5353.929744180443
1470,101490,25550,5360.477547272218
1420,032080,2800,5370.147702094674
168,005720,4415,5386.413489606869
1015,223250,12300,5449.126857158286
877,053260,9840,5462.0726495726485
1518,071670,11950,5470.0
1434,061040,6110,5473.17094483235
1600,045060,4230,5473.388165983491
2102,006140,7550,5480.666665999999
1630,232140,5070,5480.749366051824
1105,041920,5440,5483.75
1200,238200,8520,5492.665036674816
1893,052300,1240,5496.958541936765
2146,256150,11750,5524.842130346717
951,317850,9850,5535.520793040237
351,010960,4870,5570.799999999999
1991,053620,9500,5588.372093023255
1266,015750,4520,5616.499999999999
344,004380,13400,5624.761904761905
241,092780,6090,5627.081677736043
483,000910,7070,5634.26509447867
1085,042500,5970,5645.027589592102
2182,064240,3160,5651.29094652973
2073,023900,16250,5662.69841190476
1257,357550,16100,5686.526122823098
1265,045300,5510,5691.160832041369
320,014710,6130,5715.9307846198135
586,138490,13750,5719.210526315789
1056,214260,34750,5720.972504982933
1960,282880,28950,5722.85798707393
1990,023160,11850,5742.641509433962
676,213500,13600,5745.6592647169555
1041,068930,8110,5753.962716914135
632,071090,5920,5756.1611725128305
856,098460,17150,5765.951680986991
774,037370,11400,5773.7716798490055
2052,225590,2025,5775.111966705501
1485,041910,8900,5778.154340679812
683,018880,10900,5779.599100786811
1337,012790,9710,5786.9608223012265
1232,089980,38450,5815.859954542603
2142,032300,30150,5838.612427350855
133,012610,7020,5859.646630180306
1359,264660,12350,5865.757808068352
1114,058110,5860,5905.723985438487
2071,005670,6990,5928.999999999998
1955,029960,8360,5930.000000000001
437,018250,17900,5954.198675612038
1584,347890,8790,5969.685806887451
522,081000,25900,5970.5801073366665
1812,217190,8590,5978.898354622681
580,005070,53300,5982.0076445923005
1444,310200,3755,6001.424542590128
1143,053030,14050,6011.766362369402
1473,031330,4340,6014.396690188728
1590,060850,9920,6069.36416184971
538,001560,9800,6083.999999999999
1569,290650,38300,6089.515704086918
712,064350,18500,6093.696418857537
655,007280,2840,6105.7924821998495
1843,216080,17300,6113.830834614864
656,010100,3070,6115.514991254637
953,078140,9030,6123.620279979965
1026,131030,7140,6123.878408450308
478,005820,22000,6131.498670565759
1686,065370,12450,6148.232158949516
2046,065690,3155,6152.606127651202
597,015890,7000,6168.926142924347
1074,071280,5450,6182.418410152894
407,031440,69200,6241.478329132751
2028,084730,16900,6250.910012409739
666,008930,45000,6257.606338942689
307,003850,12000,6266.414325229291
408,006880,10700,6273.6402778695965
494,025820,3990,6295.676095927276
2050,318010,12900,6305.6966420147555
1256,035890,1800,6310.951385048463
2121,066130,9250,6314.84375
1322,049830,12250,6325.716164349248
250,000020,11700,6397.801476255993
1394,332370,8150,6414.174889552488
1635,251370,20200,6421.583407375463
952,290670,46400,6454.086523100518
1745,080010,7220,6472.0
1702,142210,5510,6475.635163956809
2177,090850,10200,6482.677493195694
1894,094360,19200,6501.862231680189
1302,035610,4740,6517.224440564371
1785,189300,80000,6524.625397539915
42,119650,5200,6527.272727272727
1862,263860,9030,6537.068801219744
657,047810,48350,6555.519862112076
713,079430,13750,6571.616595769175
352,004450,44200,6600.509938130663
776,050120,4990,6613.0515539344115
1318,115570,4690,6615.310548877902
1203,072950,8010,6615.460243924634
1726,067920,7600,6635.977657207965
149,083420,9310,6637.083333333333
1239,006730,10050,6663.608704711389
1918,083550,7480,6666.597935798733
971,140520,3805,6669.116462395169
897,111710,8800,6672.333398095978
1660,053080,10800,6699.330228518008
1946,089890,10550,6709.69279278421
1345,036710,5250,6736.249162918
1163,177350,9150,6752.73078301225
1983,214150,18550,6762.462219827122
1186,318410,13200,6775.5811941979855
40,009070,5670,6785.666666666666
151,014280,9160,6788.761171954776
1209,053700,5040,6793.4926967297315
2,027410,5380,6847.074511722817
885,121600,67200,6848.9785481326935
1554,265740,13550,6878.792628585504
853,049720,8800,6888.811188811189
734,008770,75900,6895.871524397308
1551,217820,10700,6918.123895130449
818,046140,7670,6922.432001595263
1646,082850,3925,6942.999265955192
1916,272110,13450,6968.737835779794
1967,294570,40650,6970.094686863492
740,010690,8570,6982.449518777127
983,077360,8610,7012.34645718923
1639,019210,8870,7015.479485896087
1191,086670,12500,7065.585846438403
1492,288620,27900,7103.252163560708
79,004250,10500,7129.629629629629
2144,030520,20150,7144.549062582948
1959,056360,8500,7157.43916380859
55,058860,2600,7167.404172174012
1130,095500,7400,7172.525223235253
1958,033290,7000,7188.3425753427955
409,005800,12900,7213.333333333335
172,090350,10600,7222.999999999999
930,040160,7630,7244.804979621393
966,290120,6340,7256.929563738282
1090,147760,5790,7262.566837703905
358,075180,5820,7305.208333333332
2101,128660,5400,7398.1885283406455
1824,054950,16950,7403.705508700987
1519,045660,14250,7428.5714285714275
1567,061970,11150,7431.152949877892
259,092200,4910,7449.4898488036415
1597,053280,7740,7461.2
1593,036560,9700,7463.492063492063
1152,099430,24800,7466.82848392122
186,008110,7680,7483.951827791513
1132,049950,22300,7484.726592615194
1253,140070,4810,7493.511409105655
796,046440,8370,7499.697106813735
1533,383310,43900,7504.770357686007
1449,238090,7980,7527.741736279824
520,007570,23000,7536.546802877804
1799,950140,7010,7548.369814855808
2196,065510,10350,7565.511735337361
810,060250,18100,7575.830955360713
1880,036890,12150,7597.543094851462
1566,376190,9710,7598.373983739837
68,000680,3600,7625.088867157065
1855,072020,13850,7632.530120481927
2160,079170,9370,7638.461538461539
18,155660,6270,7681.249999999998
1457,238120,9260,7708.519485779714
78,008260,5160,7711.506914464721
216,005880,2685,7712.6060217410095
2154,046110,10650,7788.876687718913
1816,361390,30900,7791.180367825303
1177,251630,9460,7807.672528234792
1112,241770,12350,7822.3110008790645
253,034020,20450,7835.719548574248
1456,102120,13300,7850.671488144695
303,035150,12100,7886.443118699855
1194,082920,12450,7902.3538159719565
1828,033320,6650,7914.961846629813
1882,007370,6630,7948.333333333332
2080,377220,8970,7970.328505828329
1320,204630,10600,7985.029649289629
1006,013120,4980,7994.661269203958
73,023150,10600,8011.085140853335
1651,037400,2895,8035.969170372079
945,020400,11450,8045.9907072883625
1160,066410,2840,8069.787896314426
2103,376180,17300,8084.076954537921
131,000050,15400,8127.587289857075
1382,083930,10850,8134.149295929266
127,002100,13150,8140.831831866442
35,234080,14000,8155.581773253607
939,064260,8820,8168.641651863461
854,014570,8560,8220.0
2170,170030,7470,8220.338983050848
1343,257720,16150,8233.610287484074
1517,357230,11850,8258.033840635244
285,005360,4615,8268.37390110665
102,326030,85900,8280.335703089835
1000,041930,10900,8304.430379746835
1950,241710,13450,8337.078651685393
902,212560,7970,8340.356646755039
1389,127710,2725,8397.88696491155
729,126560,3220,8458.666871379888
511,034590,27100,8487.334373544203
341,005680,11750,8515.0
1245,046890,12600,8516.192325239172
1875,311320,21150,8529.790864423838
675,009180,3905,8548.47206388517
783,195940,37700,8557.837311070502
1419,114840,25450,8574.908945994306
1528,230360,17850,8589.997860240943
894,130580,9440,8625.974025974025
1162,019010,2375,8638.796680497924
283,009900,21300,8640.34402199819
841,079940,13600,8640.863660824232
801,122450,8680,8645.454191731755
1365,376290,6610,8668.271272830241
1810,040420,7690,8695.872927099841
1066,228850,11650,8714.355855525166
1580,009780,6720,8743.181818181818
1602,039830,9380,8811.759666780948
1249,093920,6220,8905.913978494622
1334,065350,12600,8919.38814612806
640,004090,16300,8939.572022322145
1388,159010,20700,8951.806255825479
2056,263750,61200,8964.762199587745
811,030190,17350,9005.873689488004
793,036670,9420,9010.647737355812
997,033500,11950,9023.728341040192
1246,063170,23150,9026.532570935275
1089,098120,11700,9042.718151816134
1834,094970,3920,9060.05645966382
1430,361570,17350,9078.769675396155
2195,200670,19350,9091.188076372799
1001,060380,3415,9179.187817258884
1292,068760,82500,9184.998524593704
754,005870,10550,9220.732621777464
488,000700,6090,9226.316509772823
960,108380,14300,9236.638883584379
1166,250000,13950,9265.660484572563
2000,089030,20550,9280.306625085721
1791,071200,6770,9286.593980158923
1118,080160,20750,9297.883597883598
1922,064820,4750,9305.952081385221
208,015230,5670,9324.788439684266
598,006890,15100,9409.482758620688
529,317400,8810,9420.996882100493
2138,054040,4650,9448.525911734529
300,155900,3260,9473.681717452178
1407,114810,9300,9508.665354736586
2037,037070,17850,9542.999999999998
608,019180,4280,9548.888888888887
687,002220,5750,9573.569920134723
1629,122990,11000,9604.447676674103
2203,010240,7890,9626.951764451545
2108,347770,19800,9646.121847139266
1293,091990,58800,9648.423554960951
982,317330,23800,9700.486923414963
1750,101360,26800,9702.159309397723
2099,347740,17850,9720.57317393708
575,381970,25200,9727.463612317402
362,200880,6760,9727.902505054213
1083,377450,14050,9740.911713791113
1815,122310,10400,9841.386233767516
1717,023410,4790,9913.354608394426
1790,039290,16400,9931.012017743775
673,016450,6780,10072.5
647,023350,8420,10080.365296803651
361,007860,8110,10083.54229270007
1312,094840,7300,10136.70949899922
1798,094820,23800,10162.010553423373
634,000080,36550,10228.904369404278
637,005430,47550,10267.326310536879
1251,178320,18200,10273.640349198931
615,028670,6780,10275.651485339478
1626,109080,15100,10285.66359119943
1494,058610,15300,10333.962202895204
1123,348030,15600,10355.27603656886
1030,092070,21500,10375.170521449538
256,192650,10250,10379.9162386795
193,016710,59300,10401.21982970341
556,035000,6430,10442.791627827864
592,264900,10900,10458.445285595084
2176,039010,9450,10480.0
1213,225190,13400,10490.222235397583
1145,064550,27950,10522.934437275426
1076,085370,22750,10541.436295523987
1709,024800,3145,10546.821474017808
1311,317770,17650,10556.577887505648
665,042700,14300,10557.850760526557
1043,105740,11650,10595.964725023056
760,054620,12050,10631.933428592343
493,008250,11550,10647.66606391978
1830,026040,3610,10673.911871152019
1408,031310,3800,10695.9301085688
1683,348350,16250,10697.592207078047
1887,004650,13650,10708.435585909298
1708,078070,17700,10726.533148116334
1679,053580,22200,10782.484110252475
898,091590,9190,10801.533219761499
1373,123860,24950,10833.619258564979
975,054670,12200,10932.836964608647
1576,058630,9330,10970.187747292923
1402,069920,8950,11022.07116898617
2124,039340,6800,11028.260869565216
1354,049960,15800,11045.744680851063
334,006110,23350,11048.18181818182
1273,011560,7130,11063.627730294396
1021,263690,9420,11083.729706391088
489,072130,4330,11125.801355527441
1681,044340,14900,11179.726325536376
475,049800,4685,11256.5
990,067990,10700,11261.64763086887
1573,083310,13850,11298.126174162619
2044,106240,12200,11313.635715799719
995,086450,20850,11323.661718398558
1498,200710,16900,11337.727287185613
686,300720,19000,11354.353368406188
231,026960,25650,11369.608826479438
433,122900,10450,11417.087760149618
890,190510,11200,11431.07966869171
1188,141000,10400,11483.560068709858
1765,092130,18300,11562.987810953533
1754,123570,6070,11572.05500851631
1838,199820,13950,11619.261926192617
196,047040,6330,11661.660258265334
1984,352770,9940,11708.149863432
653,024720,20600,11743.731495319491
967,120240,20300,11744.841135899287
175,005250,20050,11752.520455275673
1634,273640,18050,11758.161590370233
1051,232680,18650,11888.879096299312
144,339770,14800,11948.34472395521
1174,099390,11700,11979.254065914025
1926,054410,6470,11992.09486166008
530,033240,30150,12029.050279329607
237,282690,12550,12042.51215046368
867,043650,9850,12064.415523445005
733,111110,10350,12075.917252787285
119,002710,11750,12258.297872340423
838,040300,3585,12280.238095238095
2048,091700,11300,12296.367299932072
1023,263720,28350,12301.314423959178
291,008420,4865,12376.420519320965
1259,123420,25100,12413.422957351982
1696,036200,10200,12443.165443976846
747,094280,16800,12448.305099409945
396,053210,9300,12587.520973102612
924,278650,47850,12591.394173036082
660,011500,15700,12595.732620018545
784,036640,7830,12730.819086751291
184,353200,30400,12754.132313979471
1632,067900,11650,12770.568943077447
435,139990,15250,12784.953260389906
1230,091580,15600,12937.16552410397
1751,102710,34400,12959.975184485598
1319,253450,80900,13009.84850996287
2047,140860,107200,13094.25165955407
842,078890,11500,13217.73969966131
1666,131390,29000,13243.88905796715
664,053690,12700,13252.962569187457
1690,136540,17000,13289.62222647988
795,151860,14600,13311.11111111111
1611,241790,14500,13320.491382569831
1669,382840,101800,13364.033360483694
1220,032750,7730,13368.055555555553
104,361610,114000,13373.523189955698
1201,093190,6880,13396.292564467676
1739,054210,20650,13415.3328369817
772,068790,6070,13467.186688707607
1836,089790,8300,13486.483900509842
1616,138080,30900,13527.740480483277
199,003090,27800,13554.405955903118
524,020150,82800,13613.936941285056
246,014820,55700,13659.873434014617
1182,126340,39900,13706.365934916797
1589,090740,2105,13706.936946103233
728,227840,13700,13716.322324674347
467,001800,14000,13725.663784338461
1890,096240,29000,13741.618418394555
1527,230240,32050,13756.367583545318
1263,037350,5520,13803.490627020039
90,009160,8700,13882.572507490351
264,026890,9450,13910.877815547346
491,000100,58100,14008.047577792915
1877,018120,27700,14042.94137547726
635,000140,13300,14056.677007329545
123,000500,25750,14070.94167866286
1063,038390,21350,14076.521512361633
800,060720,19050,14111.321653749592
1126,118990,31250,14135.77393907491
185,000490,16050,14139.709653614833
1667,030530,4630,14144.595519657614
416,004080,16850,14157.894736842105
2057,251970,18700,14300.806451612902
2116,013030,18900,14303.730370568868
744,016580,17250,14333.279390884012
536,030000,25250,14384.843346374311
1780,119610,32000,14409.285136327546
1868,382800,14300,14427.84528079515
947,048470,7220,14517.999999999998
2123,004590,7100,14585.999999999998
689,003300,13100,14591.239664768302
71,108670,52800,14596.879680006065
1487,039440,19400,14655.085281111815
1827,137950,11650,14713.164031278506
579,044820,13400,14716.905730482371
1507,072990,13250,14757.793164070286
1538,036810,20000,14774.23897432659
969,078600,80000,14775.273789576408
190,084690,10050,14871.092437652396
1304,036830,25650,15005.684014581911
235,170900,66400,15173.23307191788
1081,012700,8870,15197.683895964383
1583,033160,13850,15283.600201745354
77,034310,16950,15353.872388952097
1823,079370,25850,15396.764252696457
1097,093520,9910,15445.683288816273
2188,290270,5700,15511.562010026984
1460,270660,35400,15545.458408106342
652,161890,42600,15650.853671008226
1661,032940,4655,15658.57189734863
423,112610,51900,15700.212772147988
629,293480,19450,15762.158957777738
2152,078350,16900,15902.907707245855
438,161000,9920,15904.224714370115
1138,214180,17500,15910.617525515405
245,030720,11600,16036.340156065844
1225,017480,6970,16172.819143482506
2041,170790,14400,16288.597544167216
60,032640,14150,16315.08164076381
964,005710,6300,16341.278396614363
1793,101930,16050,16356.067835406284
1360,352700,5450,16373.78978508216
0,095570,6240,16400.7338811564
13,001530,23700,16429.34778144943
1705,089850,14550,16509.977870052648
215,003490,29350,16608.666257979232
363,017390,185500,16610.0
1007,109860,16900,16612.08791098901
110,100840,20050,16655.763089853863
321,006090,10450,16736.110380431845
1657,065680,26800,16809.57337365188
292,025560,12800,16823.872918438803
671,105630,25300,16835.25
542,004700,47700,16850.30450563667
2089,051380,22400,16951.680539700203
797,035600,16350,17247.438166995253
623,003670,126500,17319.187092790617
786,095340,36150,17383.86184269625
1615,048260,97100,17508.39667340463
745,032560,8920,17549.41176411764
508,101140,2305,17627.454219183837
481,033270,27300,17635.773417523444
221,012510,39600,17683.69876835513
111,003570,9090,17742.6209970277
1784,064290,25750,17822.170581856128
1505,241840,26450,17864.486726480733
1789,115310,22800,17870.99621251389
2097,043370,8880,17895.238095238095
1032,039840,31350,17912.03659063608
368,136490,13150,18038.567841583907
1228,038540,10800,18279.610296449846
1238,038070,13650,18338.541545401797
1396,099190,30250,18504.787571204277
757,069260,22200,18508.467073275624
554,071320,35250,18533.09823587083
918,348210,67800,18667.930818662353
72,383800,9880,18728.986326683724
1219,037460,11900,18735.152607570708
2164,034810,12650,18761.739603945898
981,213420,42150,18860.96507942696
1139,206640,14050,18890.37815669898
1469,260970,19300,18950.98314537545
28,012630,7170,18982.881326769948
328,028050,26500,18998.26530612245
789,035900,56700,19004.441215170922
44,016380,21850,19093.401260089886
1929,089010,24750,19184.075117795564
338,272550,22150,19192.2423362929
1269,148150,20750,19196.758800982425
602,009410,9540,19310.987622386518
1011,025900,76200,19548.36591947093
1526,089970,19900,19602.03952685576
1908,221980,15100,19829.979181124218
1866,144510,57600,19886.908791352897
441,005850,26700,20009.22053494413
1010,005290,40450,20084.608826452713
574,281820,20250,20107.320853727302
914,330860,41850,20187.056104930667
1673,101160,26200,20259.83537150067
349,005500,24700,20434.532374100716
1208,018310,23750,20597.95918367347
643,000240,13650,20768.051989967054
614,004720,7540,20976.877944563174
2130,017890,11800,21245.26052311976
200,069620,169500,21284.115452581973
1588,115960,21950,21284.884658815936
353,009470,25850,21308.411780181497
1101,072870,11800,21339.726107605937
935,270870,17400,21403.826689437123
908,092730,24250,21581.84585763926
2094,031980,13200,21619.58353884158
1392,143160,24900,21656.546654237107
1757,091120,38000,21691.930279678872
1008,032960,12400,21737.754975723146
81,178920,45450,21793.672357062624
425,002790,45550,21828.64089408716
340,002810,14000,21837.93445457257
1943,049430,11400,21865.605658709104
690,051600,38400,21928.88888888889
454,097520,40350,21975.996126483828
792,021320,8890,22051.40186915888
163,001260,11850,22056.128926055044
1283,234340,26050,22154.8714693748
938,119860,19650,22157.854232355894
962,007680,10000,22325.55538351541
1346,160980,17350,22332.897574687784
1663,074600,32350,22349.741326841144
1137,950190,17900,22352.165981879683
766,051500,39600,22451.086147208975
1730,073490,39300,22503.74914063641
271,286940,31600,22511.207377913604
1002,079960,16600,22533.078880407124
404,035510,15950,22678.488372093023
688,006390,30650,22720.706898942783
486,077500,11100,22880.465640626157
650,104700,8740,22909.77620730271
721,011210,62600,22915.907261617842
406,031430,33450,22996.078431372545
1234,042600,23750,23011.896576621188
1309,253840,10350,23262.46406582469
711,042670,6580,23374.084482738726
1482,306040,24800,23469.90034693489
2100,137400,45150,23508.875829672652
919,217270,15000,23540.14490141028
134,009140,28350,23554.92148253402
1907,214370,105200,23566.973843432934
1966,200130,30750,23648.471859753652
431,267850,17350,23749.549549549545
668,009240,67500,23771.212353075953
577,007810,29300,23791.792225403835
949,017650,10300,23915.555555555555
1189,090460,26550,23967.018314495454
735,002460,23500,23993.6389629582
7,000120,121500,23996.65724793559
2019,340570,37700,24095.71850393701
51,044450,11500,24288.439513676756
428,183190,13550,24298.932519535738
1678,069080,20000,24598.081430076913
1059,084650,7030,24669.313377593062
892,089600,27100,24809.38735832254
1770,041830,26800,24871.048077205553
1515,239610,38250,25108.885843495544
2022,356860,40200,25244.51748921702
720,307950,127000,25456.186486703493
2153,045100,16150,25469.44444444444
2198,243070,39000,25765.048595586177
903,095660,19850,25774.58666873259
662,014790,5210,25981.94265023158
866,066620,18750,26055.999999999996
1778,216050,34700,26207.7503200101
1719,084370,40700,26353.591077813526
103,402340,46200,26522.262123239532
31,294870,14250,26785.33631995106
375,004360,11400,27155.130669144302
355,001820,51900,27346.80134680135
1204,143240,45850,27504.311378858165
719,017800,34750,27714.92604309998
400,004970,12450,27829.375
2114,003380,10200,27834.13878844527
171,251270,88400,27950.460936425836
1707,264450,24450,28112.264785852723
262,210540,15850,28126.08339217085
67,010120,50600,28245.333333333332
609,363280,24050,28327.13008951945
727,011760,19350,28566.10259637828
649,000970,9920,28825.683647288435
1119,100030,21000,28900.202636404996
2117,126700,19150,28959.761511625664
622,047050,23650,29243.24735769924
922,194700,37600,29322.259416642417
273,004990,33500,29416.380180136093
1662,240810,38350,29565.09100611217
394,004430,25100,30113.749999999993
1852,036930,21350,30156.554681141737
348,009770,28800,30456.353293698205
380,019440,16600,30477.246207701286
75,181710,31200,31145.387476889373
568,035720,83600,31195.25698506658
861,121440,8900,31460.553395912833
1310,236200,23700,31489.142703189493
550,001630,65700,31923.041377794714
1999,131970,44400,31956.20037078298
1277,024830,6280,32307.784431137723
701,009830,31000,32363.85739689286
267,089860,40500,32415.18692589462
1545,092870,11900,32479.560432972983
227,023450,59000,32481.994459833793
1913,093320,54800,32506.147540983606
1476,056190,38550,32543.034067453176
1993,124560,9650,32592.863761870423
552,013890,63900,32693.372657107866
1211,023600,13100,32855.28756957328
105,096770,201000,32940.91192695261
495,214320,49800,32944.49999999999
1447,052790,10600,33015.79310891408
1095,005990,9890,33075.51720679174
631,352820,230500,33080.96625797544
426,090430,167500,33111.96177290936
58,034220,17150,33150.64151740686
1172,100120,38700,33467.758263083924
499,005950,15750,33631.44978330118
1255,065710,20300,33743.689320388345
2112,166090,60400,33753.40472889898
1931,052400,26000,33784.04868450769
442,012750,67800,33945.99746341881
434,010780,50500,33979.65195943651
1342,243840,60200,34341.38037149233
1100,067280,46800,34386.2998772183
1156,043150,36350,34491.79817555319
279,204320,53400,35593.324292460864
548,185750,92600,35635.522676855035
1818,225220,12500,35949.98735259501
463,015360,37050,36008.33333333333
533,194370,21050,36191.8446720174
1258,003100,72800,36427.27272727272
707,000720,42500,36595.14170640379
1344,222800,49900,36787.99332287797
761,265520,22200,37408.8247421493
1998,095610,26750,37427.73883706104
129,267290,25400,37527.52566998778
976,023910,27800,37783.333333333336
923,285490,37500,38343.086231238
943,032190,13150,38379.11227154047
252,241560,40100,38492.98856012428
573,029460,21350,38542.002667248235
878,036190,31100,38578.333333333336
2025,104480,4775,38597.4283372694
753,081660,30700,38719.900648242954
617,016800,36050,39218.260869565216
641,002200,25650,39647.5
895,036800,29200,39796.99999999999
1734,272290,46450,39842.67247311864
335,145990,52700,39905.17624123608
154,002990,9900,40084.05677444914
605,055490,82500,40085.6358568355
979,298540,32150,40091.70103438679
1710,054930,21350,40353.333333333336
1674,095270,4850,40396.07632118508
2021,131290,78300,40429.676852782766
780,083450,29150,40509.80145947329
56,093050,19400,40574.55540355677
589,192400,18100,40726.40643425031
85,005090,48650,40823.045357213225
391,068270,162000,40877.186335921586
359,007540,60400,41299.81222616316
189,001680,24050,41599.77372447636
681,004960,17300,41868.678322196865
1664,104830,38000,41876.58629441624
704,195870,68100,41918.823529411755
1426,053800,101600,42103.66537162761
743,000850,34500,42336.363636363625
1668,012620,12750,42661.36363636364
2079,053610,26400,42879.090909090904
257,024090,27000,43380.341880341875
1183,121800,13050,43510.26150154487
1779,049070,38000,43706.97674418604
1889,278280,270000,43770.0
1532,247540,476900,43995.78943069615
2191,205470,12100,44181.22292912114
1018,187870,22600,44697.66616277812
1905,063080,76100,44837.20868020218
2034,214450,84700,46172.19462555615
101,302440,119500,46251.665352461365
717,004560,16400,46284.8164885149
366,008490,36750,46407.187828487804
669,020000,37000,46511.57125456759
2201,145020,115000,46611.12571076315
113,005610,83500,46870.96745408424
1944,183300,57400,47053.789117391665
112,036530,16850,47359.874817574164
88,001770,28550,47683.800348676974
25,006360,39700,47729.59666862542
65,079550,82800,47752.72727272726
654,161390,32750,48259.42821472818
756,005010,24200,48467.55039638972
2125,034950,79800,49027.48895829855
703,012450,55400,49887.61603792217
224,145720,67000,50126.34578361038
986,194480,53300,51068.05014897913
230,005960,12900,51193.36202619079
298,134380,70400,51608.0805067868
377,001430,16900,51832.96614458281
360,248170,43750,51861.90181612973
52,030200,36150,51965.401733191626
2093,319660,46400,51966.06574186828
1542,950130,16400,52233.855782954764
45,001390,37850,53658.939040952835
272,280360,117000,54379.83317637352
667,128940,294500,54412.37034898037
109,064960,45250,54789.205270333245
584,003070,19900,55031.967314490925
326,207940,798000,55299.54758760221
128,009450,48600,55364.30699686009
1733,088390,20900,55596.49190845277
1479,041510,61700,56162.57218356203
139,002240,25600,56435.65217391305
212,084010,20450,57442.90501126843
708,267270,40650,57587.022004647224
1503,003800,41250,57605.04959422903
226,001230,17900,57687.96089333579
1978,110790,42500,58292.95939987094
94,011790,148000,58321.34309284247
1758,039030,103900,58345.475281158804
98,210980,27650,60063.999526997635
376,004490,68900,60223.57142857143
639,025540,62300,60409.98559673548
21,383220,124500,60543.907359149714
748,298040,61200,61779.93828762531
1424,067160,102000,61786.37635717192
130,012320,36300,61893.68982880928
544,000480,81800,62649.999999999985
62,066570,111500,63044.53293827683
587,021240,69700,63097.615720753245
2158,007770,17450,64655.27065527065
397,134790,54900,64675.0
466,271560,88200,65181.894880359054
405,034300,33500,65387.5
143,037710,36400,65491.24999875
578,192820,78500,65585.2160652941
330,005930,65700,65737.38770434778
1897,293490,56900,67230.79699949427
456,111770,45950,67266.33385289785
590,284740,32900,67799.5109043723
1078,058470,165900,68103.58231692316
220,192080,46450,68281.57846128292
1102,215200,91700,68422.54347540186
317,003960,30450,68425.14681977686
585,120110,65300,68736.28202326887
124,000860,24900,69484.61538461538
2017,064760,140900,70142.18415417559
47,001940,17400,70304.35734076475
53,033780,82600,71180.80167192238
12,000990,66500,71374.34190474705
1313,192440,43150,72685.58801987593
39,344820,58200,73400.9028639783
904,042420,34800,73428.90814877406
84,034120,48600,74555.47932889713
336,003230,88800,74801.39094373235
27,007070,25900,77848.3744167498
327,018260,144500,78985.31620180464
15,001880,24250,79607.64482967707
263,007340,75500,80880.48785246756
716,069960,75100,80921.90041201258
179,023590,20350,83829.36471452705
730,057050,57000,84720.83333333333
3,282330,187500,85422.24193998739
66,006260,58400,86268.63354037266
625,103140,29550,86824.00310152504
325,028260,112000,87488.44442596864
765,035760,118500,88215.89743042526
319,007160,50100,89673.99999999999
70,001120,37250,90317.0794633643
1684,112040,69700,91348.94594414432
5,001040,84100,94243.41736596751
1094,267980,68600,94656.33166650475
399,029530,32600,94679.29110124584
234,000640,102500,94931.21105927895
106,285130,117000,95421.42856332124
1531,086520,84500,98342.49285557265
48,025000,52200,99456.61157024793
1904,078340,88100,100604.519361252
663,060980,40250,101455.5861448596
429,002310,42900,101598.81614496373
1367,096530,37850,102737.92012460309
636,036460,43150,102992.75291670728
440,137310,46200,103104.87556021464
174,006280,179000,105430.7101033685
177,072710,72800,105809.0167946371
594,259960,245000,105941.78416652496
693,002320,31950,106182.73347450176
32,011200,28650,109133.43489949938
49,092230,61700,109282.52923440211
723,004020,41000,109514.36195605576
583,002020,27300,109925.80164806731
107,017670,59100,110016.37850617361
337,002170,56200,110466.66666333332
97,006120,39900,111829.30009657075
545,120030,114000,115636.21386219228
295,002840,158000,116183.09858953721
160,000270,84100,117436.61668552386
329,009150,160500,119480.6319398092
700,000880,28800,120208.13851781249
860,215000,181000,121607.89366121603
83,010950,107000,122446.8655920347
381,058650,109500,123155.0
10,000590,66700,127018.00460293016
251,000150,84900,128193.0012003872
677,014680,235000,130864.97409175581
108,000660,110000,131899.51656269687
398,016590,94100,134285.17969458396
297,107590,138500,142831.89655172414
1108,086900,121600,143750.33970357696
274,005300,185000,146047.73591306884
350,004690,121000,146800.57459571766
16,375500,52700,149131.55069505898
24,078930,47350,155948.24357277006
296,268280,205000,156672.54901960783
457,009970,50400,161924.02940701068
57,003550,70900,163091.97742953853
176,004370,304000,164119.47308422887
626,005810,29350,165946.04481586482
506,000760,17700,168171.42857142858
323,006400,593000,170116.91928963957
621,058430,46700,170695.0
135,013580,35100,174570.17523528123
145,007690,53000,175015.78138497967
242,049770,166000,180087.50172318897
248,004890,171000,180524.20094713251
451,036570,408000,180783.73065308938
806,108320,126000,182254.3853716422
217,003830,127500,183554.21686746986
299,003650,78600,190489.93143535103
1303,357780,232700,190931.0790703582
20,017940,48800,192067.055393586
482,014830,116500,205350.08323544072
746,004800,81600,207979.91554753506
710,086280,203000,208772.53333333333
751,298000,205500,220724.82403516353
642,002960,252000,223430.76922307693
270,004000,79200,226921.70542635658
210,006650,142500,230670.76923076925
726,005380,180500,231309.8673879794
714,012330,199000,248726.9793668799
518,003200,119500,261908.33333333334
93,034730,246500,265707.59662572265
547,002600,194000,267916.6666666667
826,016250,53300,269049.7394636162
95,018670,119000,270053.532712678
80,010060,105500,271557.68594484107
339,000070,81200,277549.601127755
403,004170,244500,311651.9645499661
378,306200,165000,322233.1911292881
464,007310,449500,352425.5708267553
61,011070,338500,375323.4394047401
275,011170,189500,392600.59811376774
9,097950,401000,407122.6434959685
14,000210,63000,412969.4552613481
379,003030,146000,424858.93930859066
138,010130,551000,427554.3190249072
244,006040,239000,460093.84820323676
4,001460,444500,478038.4716825564
427,002030,151500,479392.28415115486
22,007700,23700,488838.79419549345
214,001130,170000,517242.60355029587
64,051910,501000,519856.23993242433
59,051900,807000,540730.1495812865
749,298050,475000,559598.0131889923
497,139480,124000,563479.4084435689
155,011780,147000,648757.3014965352
459,000670,662000,674089.5963171266
82,005490,276000,758972.2691504973
74,035420,276000,1005177.8100438657
750,298020,384500,1780084.5810759664
599,003240,997000,2853466.8582719597
